1,7.312857627868652
2,5.33173131942749
3,4.5746870040893555
4,4.1821253299713135
5,4.009923458099365
6,3.8591612577438354
7,3.752163290977478
8,3.678160309791565
9,3.602025866508484
10,3.585601568222046
11,3.5229915380477905
12,3.4435040950775146
13,3.435730457305908
14,3.377140522003174
15,3.358184337615967
16,3.3545475006103516
17,3.338167905807495
18,3.307684898376465
19,3.300420045852661
20,3.2507517337799072
21,3.2235090732574463
22,3.23496150970459
23,3.2216092348098755
24,3.213520050048828
25,3.184136986732483
26,3.1630877256393433
27,3.169199824333191
28,3.159493923187256
29,3.138887643814087
30,3.124281644821167
31,3.1286303997039795
32,3.1290477514266968
33,3.0914206504821777
34,3.0878188610076904
35,3.095114588737488
36,3.092450499534607
37,3.0386756658554077
38,3.0362876653671265
39,3.0519009828567505
40,3.0458627939224243
41,3.0407711267471313
42,3.045152187347412
43,3.0412973165512085
44,3.010085344314575
45,3.0087190866470337
46,2.9970821142196655
47,3.0055458545684814
48,3.0198583602905273
49,2.9877512454986572
50,2.9757001399993896
51,2.9826165437698364
52,2.989690899848938
53,3.002124071121216
54,2.9648765325546265
55,2.986407160758972
56,2.957854151725769
57,2.9370009899139404
58,2.9599809646606445
59,2.9483643770217896
60,2.934944272041321
61,2.9458041191101074
62,2.951099395751953
63,2.95050048828125
64,2.9333575963974
65,2.8877968788146973
66,2.9264038801193237
67,2.9402012825012207
68,2.9196029901504517
69,2.934030771255493
70,2.9273390769958496
71,2.9114402532577515
72,2.890168786048889
73,2.9183785915374756
74,2.911400318145752
75,2.901673436164856
76,2.8852787017822266
77,2.861103892326355
78,2.9032747745513916
79,2.890220880508423
80,2.875453472137451
81,2.8805848360061646
82,2.8835654258728027
83,2.884954333305359
84,2.8747540712356567
85,2.8815207481384277
86,2.898703098297119
87,2.871096134185791
88,2.8386751413345337
89,2.8788222074508667
90,2.8501423597335815
91,2.865639805793762
92,2.8731541633605957
93,2.8648005723953247
94,2.843713879585266
95,2.8486589193344116
96,2.8782243728637695
97,2.851896047592163
98,2.8358445167541504
99,2.8630326986312866
100,2.857962489128113
101,2.8217267990112305
102,2.8497685194015503
103,2.8267080783843994
104,2.8500596284866333
105,2.8435574769973755
106,2.8278905153274536
107,2.8430261611938477
108,2.8424469232559204
109,2.8387610912323
110,2.8325281143188477
111,2.8537124395370483
112,2.8286895751953125
113,2.8317188024520874
114,2.8428698778152466
115,2.8502739667892456
116,2.814676284790039
117,2.84192156791687
118,2.8354427814483643
119,2.8429797887802124
120,2.8136465549468994
121,2.7943233251571655
122,2.8546671867370605
123,2.806318998336792
124,2.787381410598755
125,2.821032762527466
126,2.7962396144866943
127,2.812671422958374
128,2.8152902126312256
129,2.836389422416687
130,2.822551131248474
131,2.817098379135132
132,2.8017035722732544
133,2.80927050113678
134,2.827458143234253
135,2.8262888193130493
136,2.785885453224182
137,2.8079532384872437
138,2.8079237937927246
139,2.8028727769851685
140,2.8070355653762817
141,2.7951221466064453
142,2.7999497652053833
143,2.7891244888305664
144,2.7909001111984253
145,2.7843600511550903
146,2.7715606689453125
147,2.7768635749816895
148,2.784201741218567
149,2.7867391109466553
150,2.794211268424988
151,2.789342522621155
152,2.7897326946258545
153,2.7883628606796265
154,2.7944637537002563
155,2.7831023931503296
156,2.7829447984695435
157,2.7842684984207153
158,2.8041954040527344
159,2.8061931133270264
160,2.775865077972412
161,2.8070871829986572
162,2.800808906555176
163,2.8028252124786377
164,2.7790327072143555
165,2.7672617435455322
166,2.7818105220794678
167,2.7655014991760254
168,2.7826462984085083
169,2.795501470565796
170,2.7533609867095947
171,2.7666016817092896
172,2.789992928504944
173,2.7715563774108887
174,2.756989002227783
175,2.7621887922286987
176,2.793041706085205
177,2.7761406898498535
178,2.7772823572158813
179,2.756960153579712
180,2.7847341299057007
181,2.7579915523529053
182,2.79060959815979
183,2.7699426412582397
184,2.783340096473694
185,2.7738535404205322
186,2.77194881439209
187,2.7711055278778076
188,2.776857852935791
189,2.772541880607605
190,2.749250292778015
191,2.738808512687683
192,2.7495739459991455
193,2.7410916090011597
194,2.7678784132003784
195,2.753414034843445
196,2.7714338302612305
197,2.7731529474258423
198,2.754022479057312
199,2.7642799615859985
200,2.7507333755493164
201,2.7731457948684692
202,2.7659915685653687
203,2.768063187599182
204,2.762017607688904
205,2.768607974052429
206,2.7735939025878906
207,2.7605597972869873
208,2.774980902671814
209,2.7658780813217163
210,2.758764863014221
211,2.754422426223755
212,2.7728177309036255
213,2.785658359527588
214,2.7343021631240845
215,2.7343631982803345
216,2.7365622520446777
217,2.7730677127838135
218,2.745666265487671
219,2.755638003349304
220,2.7533679008483887
221,2.749070882797241
222,2.765127420425415
223,2.736626148223877
224,2.75254487991333
225,2.7775371074676514
226,2.7287609577178955
227,2.7701287269592285
228,2.73177433013916
229,2.75945782661438
230,2.731195569038391
231,2.7325384616851807
232,2.7479357719421387
233,2.739880323410034
234,2.7540676593780518
235,2.7405240535736084
236,2.7264829874038696
237,2.7519537210464478
238,2.7251003980636597
239,2.7637293338775635
240,2.7422600984573364
241,2.7301294803619385
242,2.752023220062256
243,2.7189477682113647
244,2.7231796979904175
245,2.7338478565216064
246,2.7409420013427734
247,2.7283620834350586
248,2.733088493347168
249,2.7344963550567627
250,2.744563341140747
251,2.7325199842453003
252,2.743493437767029
253,2.744195580482483
254,2.747802257537842
255,2.7480798959732056
256,2.736318826675415
257,2.7287925481796265
258,2.737633466720581
259,2.7118970155715942
260,2.738843321800232
261,2.7487189769744873
262,2.7575719356536865
263,2.706992268562317
264,2.7232420444488525
265,2.7245867252349854
266,2.732553720474243
267,2.728906035423279
268,2.7297444343566895
269,2.7226486206054688
270,2.739506244659424
271,2.73942494392395
272,2.737378239631653
273,2.733373284339905
274,2.758581757545471
275,2.7352601289749146
276,2.7461215257644653
277,2.7250102758407593
278,2.72550892829895
279,2.7640302181243896
280,2.722017765045166
281,2.703526020050049
282,2.7330487966537476
283,2.7323895692825317
284,2.706670880317688
285,2.7423189878463745
286,2.761710524559021
287,2.7118629217147827
288,2.7080953121185303
289,2.732316493988037
290,2.722861170768738
291,2.7167588472366333
292,2.738548755645752
293,2.730981945991516
294,2.712871551513672
295,2.7228280305862427
296,2.7169911861419678
297,2.7396068572998047
298,2.7344127893447876
299,2.752782702445984
300,2.7476553916931152
301,2.732926845550537
302,2.7410993576049805
303,2.731518268585205
304,2.7159935235977173
305,2.699041485786438
306,2.7318859100341797
307,2.715161085128784
308,2.7221909761428833
309,2.7256550788879395
310,2.7158498764038086
311,2.7242082357406616
312,2.714282751083374
313,2.734233856201172
314,2.7407009601593018
315,2.7283178567886353
316,2.709734320640564
317,2.7279703617095947
318,2.740883231163025
319,2.723400115966797
320,2.6826820373535156
321,2.7073676586151123
322,2.7436236143112183
323,2.7011711597442627
324,2.7323371171951294
325,2.7054718732833862
326,2.7161329984664917
327,2.697256326675415
328,2.6919816732406616
329,2.7238612174987793
330,2.7139272689819336
331,2.7016185522079468
332,2.714258074760437
333,2.7122572660446167
334,2.745874524116516
335,2.6950916051864624
336,2.718554377555847
337,2.7104640007019043
338,2.7246432304382324
339,2.720344305038452
340,2.724148392677307
341,2.7385973930358887
342,2.725223422050476
343,2.7247283458709717
344,2.7264487743377686
345,2.735482096672058
346,2.7068591117858887
347,2.709123134613037
348,2.722911238670349
349,2.695868968963623
350,2.7357715368270874
351,2.699293851852417
352,2.723005771636963
353,2.715248703956604
354,2.7144246101379395
355,2.7106661796569824
356,2.7028599977493286
357,2.712895393371582
358,2.723452091217041
359,2.720518708229065
360,2.7211997509002686
361,2.7400505542755127
362,2.720229983329773
363,2.713092088699341
364,2.6865957975387573
365,2.7170965671539307
366,2.702100992202759
367,2.701444387435913
368,2.7117233276367188
369,2.7097548246383667
370,2.6962143182754517
371,2.710502505302429
372,2.7057920694351196
373,2.695416808128357
374,2.6984838247299194
375,2.6928069591522217
376,2.712840437889099
377,2.7019988298416138
378,2.718852162361145
379,2.676859736442566
380,2.7038923501968384
381,2.7050431966781616
382,2.7105544805526733
383,2.732553720474243
384,2.714946150779724
385,2.6719112396240234
386,2.68242084980011
387,2.7240184545516968
388,2.7423537969589233
389,2.717946767807007
390,2.685431480407715
391,2.701828360557556
392,2.7058331966400146
393,2.7244622707366943
394,2.6967241764068604
395,2.694363594055176
396,2.6931182146072388
397,2.69520366191864
398,2.689940094947815
399,2.7226855754852295
400,2.7163264751434326
401,2.6841399669647217
402,2.681213140487671
403,2.7036668062210083
404,2.7300227880477905
405,2.752965807914734
406,2.7028419971466064
407,2.7000303268432617
408,2.7048739194869995
409,2.7044241428375244
410,2.7180051803588867
411,2.689720392227173
412,2.6939626932144165
413,2.7136179208755493
414,2.7034683227539062
415,2.7162710428237915
416,2.7096372842788696
417,2.6965702772140503
418,2.7114511728286743
419,2.695550799369812
420,2.685685873031616
421,2.700106143951416
422,2.6999326944351196
423,2.715395450592041
424,2.695871114730835
425,2.694680333137512
426,2.7111626863479614
427,2.704340696334839
428,2.6826443672180176
429,2.7013036012649536
430,2.722687602043152
431,2.729060173034668
432,2.696541666984558
433,2.7066311836242676
434,2.676684856414795
435,2.7065248489379883
436,2.7151734828948975
437,2.7155351638793945
438,2.685446262359619
439,2.7141780853271484
440,2.6982563734054565
441,2.6827027797698975
442,2.6854740381240845
443,2.7145156860351562
444,2.71047043800354
445,2.7040194272994995
446,2.675617218017578
447,2.701151132583618
448,2.68576717376709
449,2.694130063056946
450,2.6990936994552612
451,2.6844650506973267
452,2.7034155130386353
453,2.7002187967300415
454,2.6839815378189087
455,2.6957168579101562
456,2.6621516942977905
457,2.7053877115249634
458,2.6997222900390625
459,2.6970020532608032
460,2.6946418285369873
461,2.707314610481262
462,2.674345374107361
463,2.6669799089431763
464,2.6969218254089355
465,2.6911104917526245
466,2.7105292081832886
467,2.6633474826812744
468,2.7128323316574097
469,2.708697199821472
470,2.6865848302841187
471,2.7069339752197266
472,2.7076573371887207
473,2.6789475679397583
474,2.688575029373169
475,2.6982990503311157
476,2.6662269830703735
477,2.6873432397842407
478,2.6686636209487915
479,2.695467710494995
480,2.6898943185806274
481,2.7003262042999268
482,2.67295503616333
483,2.669774889945984
484,2.6983816623687744
485,2.6749267578125
486,2.703154683113098
487,2.7059296369552612
488,2.6869027614593506
489,2.688422918319702
490,2.7037014961242676
491,2.6827772855758667
492,2.6718666553497314
493,2.6905272006988525
494,2.6827921867370605
495,2.661525249481201
496,2.691036343574524
497,2.6974375247955322
498,2.7078531980514526
499,2.708926200866699
500,2.683106303215027
501,2.6678357124328613
502,2.694726586341858
503,2.7103394269943237
504,2.711604595184326
505,2.686376690864563
506,2.711658239364624
507,2.6975754499435425
508,2.684970259666443
509,2.696822166442871
510,2.693758249282837
511,2.679610252380371
512,2.6947076320648193
513,2.6808642148971558
514,2.6992878913879395
515,2.676087975502014
516,2.7198742628097534
517,2.6972488164901733
518,2.7166759967803955
519,2.681739330291748
520,2.7123180627822876
521,2.69630229473114
522,2.682788133621216
523,2.6919896602630615
524,2.662256598472595
525,2.686358332633972
526,2.6720529794692993
527,2.657102942466736
528,2.6657851934432983
529,2.6967380046844482
530,2.671031355857849
531,2.701379179954529
532,2.6762572526931763
533,2.701231598854065
534,2.6741652488708496
535,2.694778084754944
536,2.679624557495117
537,2.6590415239334106
538,2.696268677711487
539,2.669091582298279
540,2.684293746948242
541,2.6824880838394165
542,2.6755744218826294
543,2.6733473539352417
544,2.710803508758545
545,2.705492854118347
546,2.6961894035339355
547,2.6769168376922607
548,2.7013972997665405
549,2.682432174682617
550,2.658030152320862
551,2.6688930988311768
552,2.69115948677063
553,2.689410090446472
554,2.647849678993225
555,2.685592532157898
556,2.701067805290222
557,2.703694462776184
558,2.67102587223053
559,2.7058597803115845
560,2.709170699119568
561,2.6624265909194946
562,2.6794430017471313
563,2.6774076223373413
564,2.6783727407455444
565,2.6558446884155273
566,2.67158305644989
567,2.674424409866333
568,2.70488440990448
569,2.6810988187789917
570,2.669015884399414
571,2.6916415691375732
572,2.6923744678497314
573,2.6919445991516113
574,2.6964751482009888
575,2.6617156267166138
576,2.6835912466049194
577,2.6733462810516357
578,2.688893675804138
579,2.6448733806610107
580,2.693283438682556
581,2.6832773685455322
582,2.668277621269226
583,2.657480239868164
584,2.673841714859009
585,2.679936408996582
586,2.6846141815185547
587,2.6878873109817505
588,2.6724363565444946
589,2.6915403604507446
590,2.675952911376953
591,2.703864812850952
592,2.673042416572571
593,2.672136425971985
594,2.677275776863098
595,2.6973966360092163
596,2.68855357170105
597,2.693636655807495
598,2.6829320192337036
599,2.681068778038025
600,2.668531060218811
601,2.680047035217285
602,2.688199758529663
603,2.665061831474304
604,2.680385112762451
605,2.6762291193008423
606,2.6770567893981934
607,2.6818599700927734
608,2.690283417701721
609,2.667335271835327
610,2.6909475326538086
611,2.6755871772766113
612,2.6650900840759277
613,2.7010875940322876
614,2.7013460397720337
615,2.6821157932281494
616,2.6918798685073853
617,2.663875699043274
618,2.664845108985901
619,2.697512984275818
620,2.704599976539612
621,2.673190116882324
622,2.68264102935791
623,2.6573256254196167
624,2.7135963439941406
625,2.664656162261963
626,2.70630943775177
627,2.682090401649475
628,2.676629066467285
629,2.666402816772461
630,2.677255153656006
631,2.694663166999817
632,2.6703736782073975
633,2.687670111656189
634,2.6870158910751343
635,2.6955177783966064
636,2.684083104133606
637,2.6769859790802
638,2.666391968727112
639,2.6602492332458496
640,2.678554654121399
641,2.670673966407776
642,2.6840579509735107
643,2.6744046211242676
644,2.6609314680099487
645,2.694250702857971
646,2.6555240154266357
647,2.672910690307617
648,2.679940700531006
649,2.671206474304199
650,2.665097951889038
651,2.6879149675369263
652,2.7009894847869873
653,2.6587982177734375
654,2.678651452064514
655,2.6793856620788574
656,2.685828685760498
657,2.671453833580017
658,2.703006863594055
659,2.673364043235779
660,2.6804393529891968
661,2.7002079486846924
662,2.6613430976867676
663,2.673582434654236
664,2.666268467903137
665,2.6891170740127563
666,2.6696970462799072
667,2.695102572441101
668,2.6640628576278687
669,2.6612101793289185
670,2.6894739866256714
671,2.674663543701172
672,2.636717677116394
673,2.682143211364746
674,2.6908934116363525
675,2.6621638536453247
676,2.6883069276809692
677,2.6908531188964844
678,2.6828134059906006
679,2.6952186822891235
680,2.6730681657791138
681,2.6819623708724976
682,2.6875414848327637
683,2.6597282886505127
684,2.6720138788223267
685,2.681946277618408
686,2.655054211616516
687,2.6781888008117676
688,2.6892874240875244
689,2.6613845825195312
690,2.650288939476013
691,2.6748307943344116
692,2.7040083408355713
693,2.6662561893463135
694,2.663008689880371
695,2.666566848754883
696,2.675280809402466
697,2.6766852140426636
698,2.6502009630203247
699,2.657636880874634
700,2.6565290689468384
701,2.659363627433777
702,2.680150628089905
703,2.679601788520813
704,2.6698825359344482
705,2.660385251045227
706,2.6820733547210693
707,2.6603506803512573
708,2.680335521697998
709,2.657235026359558
710,2.6831746101379395
711,2.687016248703003
712,2.7002668380737305
713,2.650888442993164
714,2.6579829454421997
715,2.681677222251892
716,2.6797585487365723
717,2.670655369758606
718,2.674504280090332
719,2.668722629547119
720,2.661474108695984
721,2.680069923400879
722,2.67439341545105
723,2.6951379776000977
724,2.671411871910095
725,2.6691553592681885
726,2.674025774002075
727,2.6946380138397217
728,2.6816810369491577
729,2.6531566381454468
730,2.6685651540756226
731,2.660307288169861
732,2.6575881242752075
733,2.6815457344055176
734,2.679977774620056
735,2.665769934654236
736,2.6526142358779907
737,2.6846885681152344
738,2.6610578298568726
739,2.6557856798171997
740,2.675604820251465
741,2.6602978706359863
742,2.6497440338134766
743,2.688554883003235
744,2.6925123929977417
745,2.673337697982788
746,2.671613097190857
747,2.6973135471343994
748,2.660927414894104
749,2.656469941139221
750,2.6806384325027466
751,2.686861038208008
752,2.68587863445282
753,2.6650201082229614
754,2.6846983432769775
755,2.6618642807006836
756,2.656449556350708
757,2.6599351167678833
758,2.662510395050049
759,2.6583789587020874
760,2.671904683113098
761,2.667996406555176
762,2.6723101139068604
763,2.672377586364746
764,2.647069215774536
765,2.6632224321365356
766,2.674065351486206
767,2.6751248836517334
768,2.654307723045349
769,2.6457074880599976
770,2.6968071460723877
771,2.6722558736801147
772,2.683492064476013
773,2.706587076187134
774,2.695074677467346
775,2.657042622566223
776,2.6748135089874268
777,2.6815520524978638
778,2.6792653799057007
779,2.6451984643936157
780,2.6874282360076904
781,2.6554700136184692
782,2.7056729793548584
783,2.669061779975891
784,2.6361069679260254
785,2.682976245880127
786,2.6948766708374023
787,2.6417977809906006
788,2.6660512685775757
789,2.653230667114258
790,2.673022747039795
791,2.6854496002197266
792,2.6719963550567627
793,2.6669068336486816
794,2.631034255027771
795,2.677003502845764
796,2.666177272796631
797,2.6548500061035156
798,2.652297616004944
799,2.6749484539031982
800,2.6857481002807617
801,2.6525862216949463
802,2.6740314960479736
803,2.6698336601257324
804,2.6617074012756348
805,2.6918572187423706
806,2.6589415073394775
807,2.634783625602722
808,2.6850908994674683
809,2.684902548789978
810,2.675692081451416
811,2.670828104019165
812,2.6940207481384277
813,2.6777528524398804
814,2.692740797996521
815,2.6823052167892456
816,2.687365770339966
817,2.6862030029296875
818,2.668904185295105
819,2.658188819885254
820,2.6653225421905518
821,2.6861565113067627
822,2.6418700218200684
823,2.669682741165161
824,2.6423277854919434
825,2.6746408939361572
826,2.646248459815979
827,2.6616225242614746
828,2.6829299926757812
829,2.669772148132324
830,2.674094080924988
831,2.6799871921539307
832,2.6609822511672974
833,2.6523317098617554
834,2.6403363943099976
835,2.681151032447815
836,2.6498368978500366
837,2.6831283569335938
838,2.6777420043945312
839,2.658598303794861
840,2.678876042366028
841,2.6750937700271606
842,2.6620033979415894
843,2.6700148582458496
844,2.672473907470703
845,2.6807680130004883
846,2.682810068130493
847,2.66180682182312
848,2.669344186782837
849,2.6794036626815796
850,2.6562509536743164
851,2.6761962175369263
852,2.6674526929855347
853,2.633697032928467
854,2.659656286239624
855,2.681396007537842
856,2.674472451210022
857,2.6968181133270264
858,2.7069865465164185
859,2.6695637702941895
860,2.6522295475006104
861,2.680595278739929
862,2.6737112998962402
863,2.6594024896621704
864,2.674993634223938
865,2.658259868621826
866,2.692193865776062
867,2.689102530479431
868,2.6650909185409546
869,2.6472842693328857
870,2.647763967514038
871,2.65178906917572
872,2.662240743637085
873,2.678410768508911
874,2.6581897735595703
875,2.6849969625473022
876,2.664863109588623
877,2.658025860786438
878,2.6404929161071777
879,2.677483081817627
880,2.6512149572372437
881,2.656630039215088
882,2.6710208654403687
883,2.669647216796875
884,2.6485559940338135
885,2.6669952869415283
886,2.678787350654602
887,2.666548252105713
888,2.642257332801819
889,2.665665030479431
890,2.6713950634002686
891,2.6836087703704834
892,2.6467297077178955
893,2.6674634218215942
894,2.649068236351013
895,2.666219472885132
896,2.674391508102417
897,2.657133102416992
898,2.6440073251724243
899,2.642741560935974
900,2.664019227027893
901,2.6495198011398315
902,2.650612473487854
903,2.665638566017151
904,2.6720967292785645
905,2.693588376045227
906,2.6606009006500244
907,2.6800261735916138
908,2.660980463027954
909,2.6543831825256348
910,2.6602319478988647
911,2.6434391736984253
912,2.6553632020950317
913,2.688187837600708
914,2.6594152450561523
915,2.664180040359497
916,2.6570478677749634
917,2.661065936088562
918,2.652830123901367
919,2.6737685203552246
920,2.6507515907287598
921,2.675808906555176
922,2.690893769264221
923,2.6730552911758423
924,2.6574798822402954
925,2.6505876779556274
926,2.701862096786499
927,2.67498242855072
928,2.673584818840027
929,2.6743639707565308
930,2.65351402759552
931,2.6813966035842896
932,2.6610639095306396
933,2.653011202812195
934,2.67576801776886
935,2.6700708866119385
936,2.675753951072693
937,2.66588294506073
938,2.655697464942932
939,2.661415219306946
940,2.6676247119903564
941,2.6565686464309692
942,2.6438008546829224
943,2.6526074409484863
944,2.642908811569214
945,2.6805458068847656
946,2.661956548690796
947,2.6421594619750977
948,2.6682047843933105
949,2.665676236152649
950,2.670938730239868
951,2.63508403301239
952,2.6547536849975586
953,2.6542834043502808
954,2.6619811058044434
955,2.659763813018799
956,2.673192262649536
957,2.6658750772476196
958,2.6590864658355713
959,2.666399836540222
960,2.68573534488678
961,2.673487424850464
962,2.6761090755462646
963,2.6666325330734253
964,2.6690322160720825
965,2.6632333993911743
966,2.6868706941604614
967,2.6645859479904175
968,2.6773182153701782
969,2.6736581325531006
970,2.6638681888580322
971,2.6606380939483643
972,2.680699348449707
973,2.657202124595642
974,2.656245231628418
975,2.66493022441864
976,2.638516068458557
977,2.6556650400161743
978,2.6492143869400024
979,2.6436952352523804
980,2.6558908224105835
981,2.6520941257476807
982,2.645781397819519
983,2.6565418243408203
984,2.6666629314422607
985,2.6642528772354126
986,2.6671136617660522
987,2.6645089387893677
988,2.6682220697402954
989,2.626327872276306
990,2.6483702659606934
991,2.652395486831665
992,2.6559884548187256
993,2.669774293899536
994,2.6334524154663086
995,2.6590142250061035
996,2.665687918663025
997,2.6644219160079956
998,2.634616494178772
999,2.6510623693466187
1000,2.657068133354187
1001,2.667251467704773
1002,2.6524300575256348
1003,2.66900372505188
1004,2.6649186611175537
1005,2.6777102947235107
1006,2.650285840034485
1007,2.6547900438308716
1008,2.6373353004455566
1009,2.6734001636505127
1010,2.6600829362869263
1011,2.6923880577087402
1012,2.674927592277527
1013,2.666838049888611
1014,2.6585636138916016
1015,2.6592785120010376
1016,2.6489853858947754
1017,2.6483086347579956
1018,2.661917805671692
1019,2.6612160205841064
1020,2.653493285179138
1021,2.6522358655929565
1022,2.6468377113342285
1023,2.674028992652893
1024,2.671328902244568
1025,2.651698112487793
1026,2.6620893478393555
1027,2.649946093559265
1028,2.6731079816818237
1029,2.680411696434021
1030,2.6774590015411377
1031,2.6820075511932373
1032,2.6549218893051147
1033,2.673466205596924
1034,2.6652185916900635
1035,2.6409209966659546
1036,2.6912169456481934
1037,2.656189441680908
1038,2.6742804050445557
1039,2.691387891769409
1040,2.6655608415603638
1041,2.670038342475891
1042,2.6577155590057373
1043,2.6637035608291626
1044,2.6375170946121216
1045,2.667105555534363
1046,2.6778680086135864
1047,2.6548285484313965
1048,2.6851837635040283
1049,2.663931369781494
1050,2.701560616493225
1051,2.661127805709839
1052,2.682034492492676
1053,2.6855839490890503
1054,2.6805981397628784
1055,2.6701396703720093
1056,2.6793766021728516
1057,2.660584568977356
1058,2.6746366024017334
1059,2.6728070974349976
1060,2.6639065742492676
1061,2.650476574897766
1062,2.661341428756714
1063,2.6821571588516235
1064,2.674536347389221
1065,2.69061541557312
1066,2.665315628051758
1067,2.6589787006378174
1068,2.6920794248580933
1069,2.6630499362945557
1070,2.677667737007141
1071,2.6704310178756714
1072,2.6718047857284546
1073,2.6613903045654297
1074,2.6680681705474854
1075,2.7030831575393677
1076,2.656817078590393
1077,2.654423236846924
1078,2.6784462928771973
1079,2.6578129529953003
1080,2.6480250358581543
1081,2.6836646795272827
1082,2.6573325395584106
1083,2.6631593704223633
1084,2.6856958866119385
1085,2.6692291498184204
1086,2.6511735916137695
1087,2.648290991783142
1088,2.6861778497695923
1089,2.6726189851760864
1090,2.6574536561965942
1091,2.667044997215271
1092,2.651358127593994
1093,2.668039560317993
1094,2.675667881965637
1095,2.661939024925232
1096,2.6781392097473145
1097,2.6812158823013306
1098,2.651370644569397
1099,2.699210047721863
1100,2.654648184776306
1101,2.6662981510162354
1102,2.6464637517929077
1103,2.672113537788391
1104,2.650257110595703
1105,2.6545114517211914
1106,2.63499116897583
1107,2.677510619163513
1108,2.6666914224624634
1109,2.6469321250915527
1110,2.681933283805847
1111,2.6389896869659424
1112,2.6645742654800415
1113,2.6704063415527344
1114,2.6556283235549927
1115,2.673185706138611
1116,2.69268798828125
1117,2.649659752845764
1118,2.663998246192932
1119,2.644464373588562
1120,2.65250301361084
1121,2.651700973510742
1122,2.6505770683288574
1123,2.6625304222106934
1124,2.657225012779236
1125,2.62166965007782
1126,2.6843082904815674
1127,2.638344168663025
1128,2.6697165966033936
1129,2.6490962505340576
1130,2.641351342201233
1131,2.6541178226470947
1132,2.6653560400009155
1133,2.6569360494613647
1134,2.6379603147506714
1135,2.661300778388977
1136,2.63448703289032
1137,2.673904538154602
1138,2.660921812057495
1139,2.6837586164474487
1140,2.6543773412704468
1141,2.6676530838012695
1142,2.6456881761550903
1143,2.654526710510254
1144,2.6576062440872192
1145,2.6494187116622925
1146,2.6630067825317383
1147,2.6465994119644165
1148,2.6855913400650024
1149,2.6897966861724854
1150,2.6408666372299194
1151,2.6522735357284546
1152,2.6565991640090942
1153,2.649846076965332
1154,2.6751784086227417
1155,2.68621563911438
1156,2.6651581525802612
1157,2.66349196434021
1158,2.6632291078567505
1159,2.636501669883728
1160,2.6612507104873657
1161,2.642389178276062
1162,2.677138090133667
1163,2.6617103815078735
1164,2.66411554813385
1165,2.6423115730285645
1166,2.657417416572571
1167,2.6535552740097046
1168,2.6576439142227173
1169,2.6520464420318604
1170,2.636100649833679
1171,2.6431201696395874
1172,2.6628379821777344
1173,2.63812792301178
1174,2.6712191104888916
1175,2.6577560901641846
1176,2.6728638410568237
1177,2.6321829557418823
1178,2.6555007696151733
1179,2.664078950881958
1180,2.676084280014038
1181,2.6651312112808228
1182,2.6505898237228394
1183,2.651721239089966
1184,2.6648685932159424
1185,2.6642136573791504
1186,2.659324288368225
1187,2.6589102745056152
1188,2.650735020637512
1189,2.6632696390151978
1190,2.6453394889831543
1191,2.639976978302002
1192,2.6386626958847046
1193,2.654045820236206
1194,2.646886944770813
1195,2.647256016731262
1196,2.6373307704925537
1197,2.6271708011627197
1198,2.669601321220398
1199,2.6480928659439087
1200,2.655903935432434
1201,2.637158155441284
1202,2.648794651031494
1203,2.6856532096862793
1204,2.667556405067444
1205,2.6719435453414917
1206,2.6716771125793457
1207,2.6741230487823486
1208,2.6318429708480835
1209,2.669935703277588
1210,2.652125358581543
1211,2.6678502559661865
1212,2.6674383878707886
1213,2.669345736503601
1214,2.6263726949691772
1215,2.663330316543579
1216,2.6451714038848877
1217,2.6665326356887817
1218,2.652727484703064
1219,2.657221555709839
1220,2.6466530561447144
1221,2.6452126502990723
1222,2.6504663228988647
1223,2.6926134824752808
1224,2.662805199623108
1225,2.633234977722168
1226,2.6653300523757935
1227,2.6585456132888794
1228,2.66213321685791
1229,2.64411199092865
1230,2.664236903190613
1231,2.660784959793091
1232,2.6768484115600586
1233,2.6484556198120117
1234,2.650058150291443
1235,2.678084135055542
1236,2.6605244874954224
1237,2.6576602458953857
1238,2.662962794303894
1239,2.6447631120681763
1240,2.6580827236175537
1241,2.651897430419922
1242,2.6524953842163086
1243,2.648814558982849
1244,2.6586498022079468
1245,2.650213599205017
1246,2.6680432558059692
1247,2.6484845876693726
1248,2.678300619125366
1249,2.68320369720459
1250,2.63930606842041
1251,2.665266990661621
1252,2.652379274368286
1253,2.6467453241348267
1254,2.6599316596984863
1255,2.6458290815353394
1256,2.6453709602355957
1257,2.645027279853821
1258,2.6521377563476562
1259,2.6743509769439697
1260,2.6469833850860596
1261,2.6486146450042725
1262,2.6752214431762695
1263,2.667691707611084
1264,2.660297989845276
1265,2.6642240285873413
1266,2.6646074056625366
1267,2.644816279411316
1268,2.653093099594116
1269,2.676847457885742
1270,2.64794921875
1271,2.678508758544922
1272,2.6524661779403687
1273,2.662698984146118
1274,2.6621981859207153
1275,2.665910482406616
1276,2.659427285194397
1277,2.6886578798294067
1278,2.6816786527633667
1279,2.674713134765625
1280,2.666659116744995
1281,2.659850835800171
1282,2.673859119415283
1283,2.663272976875305
1284,2.657343029975891
1285,2.6516753435134888
1286,2.6709426641464233
1287,2.6624252796173096
1288,2.6507705450057983
1289,2.646095871925354
1290,2.6642022132873535
1291,2.65343177318573
1292,2.6506251096725464
1293,2.6685757637023926
1294,2.641914129257202
1295,2.6726733446121216
1296,2.636354923248291
1297,2.6770423650741577
1298,2.6360270977020264
1299,2.6691476106643677
1300,2.6567294597625732
1301,2.6660248041152954
1302,2.6484241485595703
1303,2.6634819507598877
1304,2.659537196159363
1305,2.6591906547546387
1306,2.6557165384292603
1307,2.6612327098846436
1308,2.649170756340027
1309,2.6427959203720093
1310,2.671326160430908
1311,2.6245851516723633
1312,2.6246488094329834
1313,2.664702892303467
1314,2.632420539855957
1315,2.663002133369446
1316,2.6756595373153687
1317,2.6524088382720947
1318,2.6545714139938354
1319,2.652043104171753
1320,2.6554211378097534
1321,2.6560827493667603
1322,2.6584270000457764
1323,2.6476911306381226
1324,2.6476320028305054
1325,2.6562472581863403
1326,2.63787305355072
1327,2.646289348602295
1328,2.642617702484131
1329,2.6605323553085327
1330,2.659456253051758
1331,2.6320960521698
1332,2.6611337661743164
1333,2.6787270307540894
1334,2.6802051067352295
1335,2.673577070236206
1336,2.6604597568511963
1337,2.6616997718811035
1338,2.6422934532165527
1339,2.662317991256714
1340,2.650251865386963
1341,2.6610376834869385
1342,2.679200053215027
1343,2.658829689025879
1344,2.6578680276870728
1345,2.649739980697632
1346,2.6474955081939697
1347,2.6712788343429565
1348,2.648629903793335
1349,2.657344937324524
1350,2.6552109718322754
1351,2.6648441553115845
1352,2.684049367904663
1353,2.643040180206299
1354,2.6687357425689697
1355,2.6644662618637085
1356,2.634537100791931
1357,2.639450788497925
1358,2.6469955444335938
1359,2.640782117843628
1360,2.621917486190796
1361,2.6507498025894165
1362,2.6430323123931885
1363,2.674991488456726
1364,2.669171452522278
1365,2.651914596557617
1366,2.6678085327148438
1367,2.6253660917282104
1368,2.6323695182800293
1369,2.6805940866470337
1370,2.6708873510360718
1371,2.663675546646118
1372,2.651784658432007
1373,2.6448733806610107
1374,2.6561559438705444
1375,2.6402910947799683
1376,2.6367127895355225
1377,2.6549075841903687
1378,2.6578052043914795
1379,2.6560040712356567
1380,2.645429015159607
1381,2.6599162817001343
1382,2.6737921237945557
1383,2.656708240509033
1384,2.6708080768585205
1385,2.6683276891708374
1386,2.663150191307068
1387,2.6560031175613403
1388,2.6670395135879517
1389,2.6545807123184204
1390,2.6377207040786743
1391,2.6385210752487183
1392,2.6456602811813354
1393,2.6802477836608887
1394,2.640283465385437
1395,2.6667476892471313
1396,2.6638967990875244
1397,2.6544079780578613
1398,2.6424766778945923
1399,2.661189317703247
1400,2.667436361312866
1401,2.643731117248535
1402,2.6609809398651123
1403,2.665526509284973
1404,2.662706136703491
1405,2.6694657802581787
1406,2.6594587564468384
1407,2.6453884840011597
1408,2.657468795776367
1409,2.668876886367798
1410,2.678400158882141
1411,2.673184394836426
1412,2.6548686027526855
1413,2.670311212539673
1414,2.662821054458618
1415,2.676549553871155
1416,2.637982130050659
1417,2.6608948707580566
1418,2.6670875549316406
1419,2.666781783103943
1420,2.6545408964157104
1421,2.6671173572540283
1422,2.6714762449264526
1423,2.66881000995636
1424,2.6646586656570435
1425,2.6410937309265137
1426,2.6491812467575073
1427,2.6576088666915894
1428,2.6563156843185425
1429,2.673181891441345
1430,2.669982433319092
1431,2.6647762060165405
1432,2.664402723312378
1433,2.6643593311309814
1434,2.677722454071045
1435,2.668785333633423
1436,2.6781113147735596
1437,2.6634480953216553
1438,2.6905101537704468
1439,2.6577694416046143
1440,2.6796939373016357
1441,2.6679095029830933
1442,2.648178219795227
1443,2.6717803478240967
1444,2.6673415899276733
1445,2.6542413234710693
1446,2.6737143993377686
1447,2.6885164976119995
1448,2.648568868637085
1449,2.6586567163467407
1450,2.653657078742981
1451,2.6387345790863037
1452,2.651586174964905
1453,2.648538112640381
1454,2.6514415740966797
1455,2.664417028427124
1456,2.6588441133499146
1457,2.6280587911605835
1458,2.633499264717102
1459,2.6509387493133545
1460,2.66984486579895
1461,2.6562293767929077
1462,2.6447139978408813
1463,2.6540608406066895
1464,2.669875383377075
1465,2.6594446897506714
1466,2.651281714439392
1467,2.6540967226028442
1468,2.633347511291504
1469,2.655200958251953
1470,2.639522910118103
1471,2.6557449102401733
1472,2.6626325845718384
1473,2.6599875688552856
1474,2.640113949775696
1475,2.6416715383529663
1476,2.6267915964126587
1477,2.6441705226898193
1478,2.6306447982788086
1479,2.6538193225860596
1480,2.6362229585647583
1481,2.635339140892029
1482,2.6477577686309814
1483,2.6545811891555786
1484,2.62410044670105
1485,2.6400563716888428
1486,2.652638792991638
1487,2.6230902671813965
1488,2.6370975971221924
1489,2.6747028827667236
1490,2.6369768381118774
1491,2.634997844696045
1492,2.649096727371216
1493,2.655565619468689
1494,2.6518826484680176
1495,2.650325298309326
1496,2.6518911123275757
1497,2.654576897621155
1498,2.652600407600403
1499,2.6400797367095947
1500,2.6629788875579834
1501,2.6574639081954956
1502,2.6439688205718994
1503,2.656971573829651
1504,2.6379899978637695
1505,2.6564736366271973
1506,2.6312952041625977
1507,2.6650280952453613
1508,2.65543532371521
1509,2.66044545173645
1510,2.6551376581192017
1511,2.667529582977295
1512,2.6553083658218384
1513,2.6301238536834717
1514,2.6217756271362305
1515,2.6555984020233154
1516,2.6452189683914185
1517,2.655581831932068
1518,2.6580744981765747
1519,2.6415958404541016
1520,2.674854278564453
1521,2.6387828588485718
1522,2.649924874305725
1523,2.6644108295440674
1524,2.6612467765808105
1525,2.6453696489334106
1526,2.6497431993484497
1527,2.6415576934814453
1528,2.640592098236084
1529,2.6431961059570312
1530,2.6492689847946167
1531,2.6377100944519043
1532,2.6376277208328247
1533,2.6472535133361816
1534,2.640801191329956
1535,2.647080659866333
1536,2.666866660118103
1537,2.623316526412964
1538,2.6606909036636353
1539,2.6262305974960327
1540,2.646450996398926
1541,2.667054057121277
1542,2.652400851249695
1543,2.6609832048416138
1544,2.66926109790802
1545,2.6600929498672485
1546,2.667340874671936
1547,2.6721479892730713
1548,2.6561328172683716
1549,2.6305325031280518
1550,2.657175064086914
1551,2.6514782905578613
1552,2.6410765647888184
1553,2.655846953392029
1554,2.667401432991028
1555,2.672915816307068
1556,2.6725270748138428
1557,2.656135320663452
1558,2.651432514190674
1559,2.6254299879074097
1560,2.658398985862732
1561,2.6599467992782593
1562,2.6369404792785645
1563,2.62486469745636
1564,2.63818097114563
1565,2.662060499191284
1566,2.640710949897766
1567,2.642927408218384
1568,2.669082999229431
1569,2.6500096321105957
1570,2.6605156660079956
1571,2.6717416048049927
1572,2.6517833471298218
1573,2.664239525794983
1574,2.6647785902023315
1575,2.643429160118103
1576,2.657739996910095
1577,2.6428154706954956
1578,2.655871272087097
1579,2.653677225112915
1580,2.6618387699127197
1581,2.6314995288848877
1582,2.643285393714905
1583,2.6172213554382324
1584,2.6533132791519165
1585,2.6515945196151733
1586,2.6754459142684937
1587,2.645814061164856
1588,2.650731682777405
1589,2.6393507719039917
1590,2.664182186126709
1591,2.651421070098877
1592,2.661450743675232
1593,2.6549322605133057
1594,2.6601144075393677
1595,2.6529579162597656
1596,2.6445728540420532
1597,2.641991376876831
1598,2.655977249145508
1599,2.6451677083969116
1600,2.647921562194824
1601,2.677405834197998
1602,2.6669245958328247
1603,2.673961877822876
1604,2.6380245685577393
1605,2.645960807800293
1606,2.639930486679077
1607,2.6513603925704956
1608,2.6627286672592163
1609,2.6413248777389526
1610,2.647112727165222
1611,2.647325038909912
1612,2.646352767944336
1613,2.6695183515548706
1614,2.6955931186676025
1615,2.66299569606781
1616,2.6601924896240234
1617,2.6421499252319336
1618,2.64694344997406
1619,2.6683506965637207
1620,2.6688907146453857
1621,2.6639000177383423
1622,2.6356778144836426
1623,2.6557867527008057
1624,2.643795609474182
1625,2.6437692642211914
1626,2.6381226778030396
1627,2.642529845237732
1628,2.662179708480835
1629,2.6249552965164185
1630,2.658516764640808
1631,2.6590417623519897
1632,2.645335555076599
1633,2.6820576190948486
1634,2.6428624391555786
1635,2.638104200363159
1636,2.6500158309936523
1637,2.658601760864258
1638,2.653066635131836
1639,2.6407175064086914
1640,2.654550313949585
1641,2.649159073829651
1642,2.6523854732513428
1643,2.6306772232055664
1644,2.620302677154541
1645,2.6633647680282593
1646,2.6421056985855103
1647,2.6518834829330444
1648,2.6566321849823
1649,2.655984878540039
1650,2.6387323141098022
1651,2.649212598800659
1652,2.653884768486023
1653,2.635174512863159
1654,2.638572931289673
1655,2.6452564001083374
1656,2.6452267169952393
1657,2.645585775375366
1658,2.6553455591201782
1659,2.6571394205093384
1660,2.641382932662964
1661,2.6630066633224487
1662,2.6441036462783813
1663,2.656249761581421
1664,2.656331777572632
1665,2.6187483072280884
1666,2.656249523162842
1667,2.661239504814148
1668,2.638097643852234
1669,2.647598385810852
1670,2.672903537750244
1671,2.6709660291671753
1672,2.6603360176086426
1673,2.6693044900894165
1674,2.6600621938705444
1675,2.664101719856262
1676,2.673154830932617
1677,2.666930317878723
1678,2.6571624279022217
1679,2.6583443880081177
1680,2.6609644889831543
1681,2.6572325229644775
1682,2.657332181930542
1683,2.645848274230957
1684,2.6534208059310913
1685,2.677535057067871
1686,2.6628026962280273
1687,2.637130618095398
1688,2.6458451747894287
1689,2.6487802267074585
1690,2.6854053735733032
1691,2.650177836418152
1692,2.6537095308303833
1693,2.649015188217163
1694,2.658380627632141
1695,2.6524431705474854
1696,2.638666868209839
1697,2.620312452316284
1698,2.6521064043045044
1699,2.6622499227523804
1700,2.636482000350952
1701,2.6591293811798096
1702,2.6572868824005127
1703,2.651610493659973
1704,2.6656320095062256
1705,2.6567753553390503
1706,2.6330959796905518
1707,2.6616249084472656
1708,2.6540132761001587
1709,2.6545839309692383
1710,2.640522837638855
1711,2.6722952127456665
1712,2.657389283180237
1713,2.6409233808517456
1714,2.6620934009552
1715,2.6345807313919067
1716,2.6763429641723633
1717,2.654540777206421
1718,2.663373112678528
1719,2.6480807065963745
1720,2.6156657934188843
1721,2.6550793647766113
1722,2.6399377584457397
1723,2.6440778970718384
1724,2.6550573110580444
1725,2.6629174947738647
1726,2.6428228616714478
1727,2.6284154653549194
1728,2.6447566747665405
1729,2.6344937086105347
1730,2.643125295639038
1731,2.6539511680603027
1732,2.6495801210403442
1733,2.6426076889038086
1734,2.630897283554077
1735,2.652064800262451
1736,2.658521056175232
1737,2.6428520679473877
1738,2.6811740398406982
1739,2.659136414527893
1740,2.6520838737487793
1741,2.6531440019607544
1742,2.668481230735779
1743,2.6451354026794434
1744,2.6672332286834717
1745,2.637605667114258
1746,2.650511145591736
1747,2.6434550285339355
1748,2.668264389038086
1749,2.641326427459717
1750,2.6525635719299316
1751,2.6477755308151245
1752,2.6447781324386597
1753,2.6415793895721436
1754,2.669200301170349
1755,2.6393548250198364
1756,2.6702650785446167
1757,2.653969407081604
1758,2.6510848999023438
1759,2.655367851257324
1760,2.6676621437072754
1761,2.6685391664505005
1762,2.6386293172836304
1763,2.6474814414978027
1764,2.642300248146057
1765,2.644134521484375
1766,2.65704882144928
1767,2.6589856147766113
1768,2.6490644216537476
1769,2.6472346782684326
1770,2.6676379442214966
1771,2.6689233779907227
1772,2.6505991220474243
1773,2.6724328994750977
1774,2.655694603919983
1775,2.6218338012695312
1776,2.6453558206558228
1777,2.642323136329651
1778,2.6539363861083984
1779,2.6630828380584717
1780,2.633349895477295
1781,2.6487228870391846
1782,2.6734730005264282
1783,2.6367329359054565
1784,2.6512396335601807
1785,2.6466310024261475
1786,2.6474764347076416
1787,2.657533884048462
1788,2.650971293449402
1789,2.645962119102478
1790,2.6640894412994385
1791,2.673742413520813
1792,2.648466944694519
1793,2.655053734779358
1794,2.63326358795166
1795,2.6573346853256226
1796,2.650041937828064
1797,2.6664011478424072
1798,2.6537601947784424
1799,2.630811333656311
1800,2.6181260347366333
1801,2.62024986743927
1802,2.651818871498108
1803,2.6496211290359497
1804,2.6447662115097046
1805,2.6647396087646484
1806,2.657831072807312
1807,2.637455701828003
1808,2.6301409006118774
1809,2.6503822803497314
1810,2.6643686294555664
1811,2.6228121519088745
1812,2.6290996074676514
1813,2.6699713468551636
1814,2.6432195901870728
1815,2.6382590532302856
1816,2.6388200521469116
1817,2.666446089744568
1818,2.6462044715881348
1819,2.6426327228546143
1820,2.655455708503723
1821,2.6461552381515503
1822,2.6487510204315186
1823,2.6478734016418457
1824,2.6623443365097046
1825,2.632479429244995
1826,2.665690779685974
1827,2.6407238245010376
1828,2.6718552112579346
1829,2.6506216526031494
1830,2.656929135322571
1831,2.6364710330963135
1832,2.6643420457839966
1833,2.6444144248962402
1834,2.6342045068740845
1835,2.6642099618911743
1836,2.655628800392151
1837,2.652535319328308
1838,2.632513642311096
1839,2.6261199712753296
1840,2.655281186103821
1841,2.648306965827942
1842,2.6713664531707764
1843,2.6574443578720093
1844,2.64453387260437
1845,2.6516051292419434
1846,2.6633076667785645
1847,2.645917057991028
1848,2.6401318311691284
1849,2.6554393768310547
1850,2.6576555967330933
1851,2.6647733449935913
1852,2.6638317108154297
1853,2.6343777179718018
1854,2.6566489934921265
1855,2.642669200897217
1856,2.6567641496658325
1857,2.6511878967285156
1858,2.6582064628601074
1859,2.6578105688095093
1860,2.664111614227295
1861,2.6334320306777954
1862,2.6430795192718506
1863,2.644190549850464
1864,2.654852271080017
1865,2.648058295249939
1866,2.638693928718567
1867,2.6626023054122925
1868,2.6648108959198
1869,2.652437448501587
1870,2.6409679651260376
1871,2.667247176170349
1872,2.62390398979187
1873,2.6584298610687256
1874,2.655157446861267
1875,2.6543936729431152
1876,2.6362384557724
1877,2.6426243782043457
1878,2.6399502754211426
1879,2.6521726846694946
1880,2.6507457494735718
1881,2.663699150085449
1882,2.6524497270584106
1883,2.6304187774658203
1884,2.6582682132720947
1885,2.653478503227234
1886,2.6597397327423096
1887,2.6256550550460815
1888,2.643561363220215
1889,2.6502310037612915
1890,2.63936984539032
1891,2.6373493671417236
1892,2.659252882003784
1893,2.655509829521179
1894,2.6261303424835205
1895,2.66267991065979
1896,2.6610560417175293
1897,2.6470521688461304
1898,2.6621041297912598
1899,2.661126494407654
1900,2.6572331190109253
1901,2.648568868637085
1902,2.6775758266448975
1903,2.6590596437454224
1904,2.6413739919662476
1905,2.6507023572921753
1906,2.6411592960357666
1907,2.634430408477783
1908,2.669864058494568
1909,2.6438841819763184
1910,2.6440155506134033
1911,2.6718634366989136
1912,2.6602147817611694
1913,2.6550822257995605
1914,2.6378320455551147
1915,2.6785311698913574
1916,2.6540188789367676
1917,2.672466993331909
1918,2.658754825592041
1919,2.6511818170547485
1920,2.6307939291000366
1921,2.6446845531463623
1922,2.6403613090515137
1923,2.628690481185913
1924,2.679028630256653
1925,2.658237338066101
1926,2.6472787857055664
1927,2.6431511640548706
1928,2.6730237007141113
1929,2.6442930698394775
1930,2.6415958404541016
1931,2.6273255348205566
1932,2.660789370536804
1933,2.65875780582428
1934,2.6461294889450073
1935,2.657488465309143
1936,2.6363552808761597
1937,2.653533101081848
1938,2.6553510427474976
1939,2.6336241960525513
1940,2.6813385486602783
1941,2.6626665592193604
1942,2.643280863761902
1943,2.654555559158325
1944,2.66847562789917
1945,2.658970594406128
1946,2.6582404375076294
1947,2.6430219411849976
1948,2.656089663505554
1949,2.6607282161712646
1950,2.662599802017212
1951,2.6451292037963867
1952,2.6587510108947754
1953,2.637935519218445
1954,2.6331028938293457
1955,2.637286067008972
1956,2.6711795330047607
1957,2.641762375831604
1958,2.631935477256775
1959,2.635756731033325
1960,2.670547127723694
1961,2.6512922048568726
1962,2.6493587493896484
1963,2.6501426696777344
1964,2.6599963903427124
1965,2.671322822570801
1966,2.638306975364685
1967,2.6383063793182373
1968,2.6567312479019165
1969,2.667632818222046
1970,2.641314387321472
1971,2.6770817041397095
1972,2.665937066078186
1973,2.644623041152954
1974,2.643113374710083
1975,2.653778314590454
1976,2.634488582611084
1977,2.653936982154846
1978,2.6528661251068115
1979,2.6566193103790283
1980,2.663446068763733
1981,2.6682426929473877
1982,2.6318016052246094
1983,2.665003538131714
1984,2.656587600708008
1985,2.6597620248794556
1986,2.644774317741394
1987,2.6634851694107056
1988,2.6515456438064575
1989,2.6572383642196655
1990,2.662131667137146
1991,2.6360228061676025
1992,2.675292491912842
1993,2.6660324335098267
1994,2.654548168182373
1995,2.6400973796844482
1996,2.6547813415527344
1997,2.631069302558899
1998,2.6518940925598145
1999,2.65704083442688
2000,2.6732370853424072
2001,2.6537212133407593
2002,2.667248249053955
2003,2.650394916534424
2004,2.6495041847229004
2005,2.646785259246826
2006,2.656751275062561
2007,2.6479899883270264
2008,2.6406359672546387
2009,2.644992232322693
2010,2.6290088891983032
2011,2.632405161857605
2012,2.6577941179275513
2013,2.662982940673828
2014,2.651881456375122
2015,2.6711186170578003
2016,2.6613285541534424
2017,2.6573249101638794
2018,2.653773307800293
2019,2.671534299850464
2020,2.6282471418380737
2021,2.672661781311035
2022,2.6678738594055176
2023,2.62937593460083
2024,2.6549183130264282
2025,2.658294916152954
2026,2.6376707553863525
2027,2.6537150144577026
2028,2.6439210176467896
2029,2.6401032209396362
2030,2.6479474306106567
2031,2.668813705444336
2032,2.6665948629379272
2033,2.643214702606201
2034,2.649329423904419
2035,2.64346444606781
2036,2.6461998224258423
2037,2.6530717611312866
2038,2.669602155685425
2039,2.647605776786804
2040,2.6507856845855713
2041,2.6411631107330322
2042,2.665470242500305
2043,2.660605788230896
2044,2.6504859924316406
2045,2.6498061418533325
2046,2.6432485580444336
2047,2.645126461982727
2048,2.668993353843689

